timestamp,stage,name,recall_at_k,k,map_at_12,runtime_sec,n_candidates_per_user,note
2026-09-07 00:48:03,candidate,single/timedecay,0.04887255463111777,100,0.02498526703449077,0.8713991641998291,22.189998381615148,cutoff=2020-09-15 単体 coverage=89.6%
2026-09-07 00:48:04,candidate,single/repurchase,0.04943803839147303,100,0.02338776203267728,1.1685731410980225,46.84679555920015,cutoff=2020-09-15 単体 coverage=91.9%
2026-09-07 00:48:05,candidate,single/variant,0.02911610778284396,100,0.006833839485418646,0.8385834693908691,27.350516972298088,cutoff=2020-09-15 単体 coverage=89.2%
2026-09-07 00:48:05,candidate,single/also_bought,0.017340147284513458,100,0.005587474794628648,0.39514827728271484,18.62276474318326,cutoff=2020-09-15 単体 coverage=45.7%
2026-09-07 00:48:06,candidate,single/item2item_cf,0.014537251179910555,100,0.005047901141348708,0.39138340950012207,19.99996914722942,cutoff=2020-09-15 単体 coverage=47.0%
2026-09-07 00:48:07,candidate,single/bin_popular,0.07139363179268532,100,0.007064483896181498,1.2631926536560059,49.99904325640728,cutoff=2020-09-15 単体 coverage=100.0%
2026-09-07 00:48:07,candidate,single/purchase_interval,0.011901546732283375,100,0.008220031322890429,0.41847825050354004,7.370106326638693,cutoff=2020-09-15 単体 coverage=71.2%
2026-09-07 00:48:37,candidate,single/timedecay,0.04887255463111777,100,0.02498526703449077,0.7091312408447266,22.189998381615148,cutoff=2020-09-15 単体 coverage=89.6%
2026-09-07 00:48:38,candidate,single/repurchase,0.04943803839147303,100,0.02338776203267728,1.1011285781860352,46.84679555920015,cutoff=2020-09-15 単体 coverage=91.9%
2026-09-07 00:48:39,candidate,single/variant,0.02911610778284396,100,0.006833839485418646,0.9123857021331787,27.350516972298088,cutoff=2020-09-15 単体 coverage=89.2%
2026-09-07 00:48:39,candidate,single/also_bought,0.017340147284513458,100,0.005587474794628648,0.3349874019622803,18.62276474318326,cutoff=2020-09-15 単体 coverage=45.7%
2026-09-07 00:48:40,candidate,single/item2item_cf,0.014537251179910555,100,0.005047901141348708,0.35116076469421387,19.99996914722942,cutoff=2020-09-15 単体 coverage=47.0%
2026-09-07 00:48:41,candidate,single/bin_popular,0.07139363179268532,100,0.007064483896181498,1.0966839790344238,49.99904325640728,cutoff=2020-09-15 単体 coverage=100.0%
2026-09-07 00:48:41,candidate,single/purchase_interval,0.011901546732283375,100,0.008220031322890429,0.3899502754211426,7.370106326638693,cutoff=2020-09-15 単体 coverage=71.2%
2026-09-07 00:48:44,candidate,combined/best_weights(09-15でチューニング済),0.1330132927410109,100,0.030951962218584716,3.4099855422973633,128.02164269975646,cutoff=2020-09-15 7戦略結合
2026-09-07 00:48:48,candidate,combined/equal_weights,0.132868759875321,100,0.027257999463311353,3.2569687366485596,128.02164269975646,cutoff=2020-09-15 7戦略結合
2026-09-07 00:48:48,candidate,pool_ceiling/7strategies,0.12178563407695762,-1,,,128.02164269975646,K無制限。順位を無視した候補プールの被覆率上限
2026-09-07 09:19:03,candidate,single_top100/repurchase,0.04943803839147303,100,0.02338776203267728,12.030283212661743,44.31388380748123,cutoff=2020-09-15 top_n=100 単体
2026-09-07 09:19:15,candidate,single_top100/timedecay,0.04887255463111777,100,0.02498526703449077,11.375191450119019,21.97402492312672,cutoff=2020-09-15 top_n=100 単体
2026-09-07 09:19:16,candidate,single_top100/popular,0.11811817061384684,100,0.008747681312782597,0.03810238838195801,100.0,cutoff=2020-09-15 top_n=100 単体
2026-09-07 09:19:18,candidate,single_top100/popular_by_age,0.12673306319360747,100,0.009389467416163713,0.05608677864074707,99.98857706134756,cutoff=2020-09-15 top_n=100 単体
2026-09-07 09:19:21,candidate,single_top100/popular_by_channel,0.11201102694386245,100,0.007780230457200764,0.02020859718322754,100.0,cutoff=2020-09-15 top_n=100 単体
2026-09-07 09:19:59,candidate,single_top100/same_product_code,0.04518626499014393,100,0.006852220745808923,24.638654232025146,73.55839510989726,cutoff=2020-09-15 top_n=100 単体
2026-09-07 09:20:03,candidate,single_top100/purchase_interval,0.006818658755140058,100,0.005148843588901863,3.15783953666687,4.980017561131363,cutoff=2020-09-15 top_n=100 単体
2026-09-07 09:20:21,candidate,single_top100/user_cf,0.08592393832437108,100,0.02137043410466881,9.413268327713013,89.02575134056616,cutoff=2020-09-15 top_n=100 単体
2026-09-07 09:20:53,candidate,"user_cf/hist=30,group_top=50",0.08592393832437108,100,0.02137043410466881,10.373510122299194,89.02575134056616,cutoff=2020-09-15 8位user based CF 履歴窓sweep cov=46.5%
2026-09-07 09:22:09,candidate,"user_cf/hist=90,group_top=50",0.12096085269021507,100,0.022895741455017958,73.94880032539368,95.34573962622743,cutoff=2020-09-15 8位user based CF 履歴窓sweep cov=73.2%
2026-09-07 09:28:37,candidate,single_top100/user_cf,0.12096085269021507,100,0.022895741455017958,38.41892099380493,95.34573962622743,cutoff=2020-09-15 top_n=100 単体
2026-09-07 09:28:53,candidate,single_top100/also_bought,0.03044550269236624,100,0.006037066000022032,14.41551947593689,55.992534601790375,cutoff=2020-09-15 top_n=100 単体
2026-09-07 09:29:14,candidate,single_top100/item2item_cf,0.044331465128747326,100,0.007252737198502627,19.729933261871338,79.71116064320968,cutoff=2020-09-15 top_n=100 単体
2026-09-07 09:29:42,candidate,pool_expanded/10strategies,0.1626536187288051,100,0.02773553269854112,15.045492172241211,320.9358401948278,"cutoff=2020-09-15 top_n=100 戦略=repurchase,timedecay,same_product_code,purchase_interval,user_cf,also_bought,item2item_cf,popular,popular_by_age,popular_by_channel"
2026-09-07 09:29:42,candidate,pool_expanded/10strategies,0.2541472147034577,300,0.028543132870772453,15.045492172241211,320.9358401948278,"cutoff=2020-09-15 top_n=100 戦略=repurchase,timedecay,same_product_code,purchase_interval,user_cf,also_bought,item2item_cf,popular,popular_by_age,popular_by_channel"
2026-09-07 09:51:10,rerank,"rerank/meta=none,cat=False",0.07661704344583019,12,0.03576845815200437,35.3171010017395,100.0,"LGB binary neg30x train=[datetime.date(2020, 9, 8)] valid=2020-09-15 n_feat=78"
2026-09-07 09:51:46,rerank,"rerank/meta=none,cat=True",0.07514338692038369,12,0.035364036544734606,35.087831258773804,100.0,"LGB binary neg30x train=[datetime.date(2020, 9, 8)] valid=2020-09-15 n_feat=78"
2026-09-07 09:52:19,rerank,"rerank/meta=flag,cat=False",0.07663637691442986,12,0.03612054957047254,32.84229516983032,100.0,"LGB binary neg30x train=[datetime.date(2020, 9, 8)] valid=2020-09-15 n_feat=88"
2026-09-07 09:52:55,rerank,"rerank/meta=flag,cat=True",0.07572772510809875,12,0.0355120465910049,36.358203411102295,100.0,"LGB binary neg30x train=[datetime.date(2020, 9, 8)] valid=2020-09-15 n_feat=88"
2026-09-07 09:53:31,rerank,"rerank/meta=rank,cat=False",0.07822687612058822,12,0.03655628057990813,35.39378595352173,100.0,"LGB binary neg30x train=[datetime.date(2020, 9, 8)] valid=2020-09-15 n_feat=98"
2026-09-07 09:54:10,rerank,"rerank/meta=rank,cat=True",0.07717598179508994,12,0.036134827861802214,38.752203702926636,100.0,"LGB binary neg30x train=[datetime.date(2020, 9, 8)] valid=2020-09-15 n_feat=98"
2026-09-07 10:52:47,rerank,rerank/train_weeks=1,0.07822687612058822,12,0.03655628057990813,37.53993010520935,100.0,LGB binary meta=rank cat=none neg30x cutoffs=['2020-09-08'] valid=2020-09-15
2026-09-07 10:56:07,rerank,rerank/train_weeks=2,0.0785074347496252,12,0.036733410829641946,200.0643503665924,100.0,"LGB binary meta=rank cat=none neg30x cutoffs=['2020-09-08', '2020-09-01'] valid=2020-09-15"
2026-09-07 11:02:11,rerank,rerank/train_weeks=4,0.07896950003386265,12,0.03712968837897464,363.72778701782227,100.0,"LGB binary meta=rank cat=none neg30x cutoffs=['2020-09-08', '2020-09-01', '2020-08-25', '2020-08-18'] valid=2020-09-15"
2026-09-07 11:09:01,rerank,rerank/train_weeks=6,0.07954884945811533,12,0.037360483448076715,410.14010095596313,100.0,"LGB binary meta=rank cat=none neg30x cutoffs=['2020-09-08', '2020-09-01', '2020-08-25', '2020-08-18', '2020-08-11', '2020-08-04'] valid=2020-09-15"
2026-09-07 11:11:37,rerank,"rerank/without_u2i,weeks=2,k=100",0.0785074347496252,12,0.036733410829641946,53.94047021865845,100.0,LGB binary meta=rank cat=none neg30x SVD-u2i(dim32) valid=2020-09-15
2026-09-07 11:12:32,rerank,"rerank/with_u2i,weeks=2,k=100",0.079788716099201,12,0.037103973620738535,54.86518836021423,100.0,LGB binary meta=rank cat=none neg30x SVD-u2i(dim32) valid=2020-09-15
2026-09-07 11:40:37,rerank,"rerank/top_k=200,weeks=2",0.08037817542661592,12,0.03702456592785674,972.471910238266,200.0,LGB binary meta=rank cat=none neg30x 学習2週 valid=2020-09-15
2026-09-07 11:54:10,rerank,"rerank/base,weeks=2,k=100,dim=64",0.0785074347496252,12,0.036733410829641946,60.1756546497345,100.0,LGB binary meta=rank cat=none neg30x BPR(implicit) valid=2020-09-15
2026-09-07 11:55:11,rerank,"rerank/+svd_u2i,weeks=2,k=100,dim=64",0.07953281061877428,12,0.03717621708932241,60.20820116996765,100.0,LGB binary meta=rank cat=none neg30x BPR(implicit) valid=2020-09-15
2026-09-07 11:56:09,rerank,"rerank/+bpr,weeks=2,k=100,dim=64",0.0855598909103226,12,0.039766357821607236,58.165666341781616,100.0,LGB binary meta=rank cat=none neg30x BPR(implicit) valid=2020-09-15
2026-09-07 11:57:07,rerank,"rerank/+bpr+svd,weeks=2,k=100,dim=64",0.08569090002092253,12,0.03985990641184852,57.63344883918762,100.0,LGB binary meta=rank cat=none neg30x BPR(implicit) valid=2020-09-15
2026-09-07 13:09:40,rerank,"bpr_tune/dim=64,iters=100",0.0855598909103226,12,0.039766357821607236,61.0349326133728,100.0,BPR単体AUC=0.6841 (3位0.720) 学習2週 valid=2020-09-15
2026-09-07 13:24:47,rerank,"bpr_tune/dim=128,iters=100",0.0856854736770889,12,0.0395054285222709,902.8294060230255,100.0,BPR単体AUC=0.6844 (3位0.720) 学習2週 valid=2020-09-15
2026-09-07 13:57:47,rerank,"bpr_tune/dim=64,iters=300",0.08591091490722855,12,0.04003737337081445,1976.1969714164734,100.0,BPR単体AUC=0.6776 (3位0.720) 学習2週 valid=2020-09-15
2026-09-07 14:39:51,rerank,"bpr_tune/dim=128,iters=300",0.08685334993340971,12,0.040165759758851685,2519.55380320549,100.0,BPR単体AUC=0.6778 (3位0.720) 学習2週 valid=2020-09-15
2026-09-07 15:10:08,rerank,"bpr_tune/dim=256,iters=100",0.0855679410420692,12,0.039581443600975805,902.0463147163391,100.0,BPR単体AUC=0.6842 (3位0.720) 学習2週 valid=2020-09-15
2026-09-07 16:33:30,rerank,"bpr_tune/dim=128,iters=600",0.08597057285552956,12,0.039853489705426834,4997.767359018326,100.0,BPR単体AUC=0.6759 (3位0.720) 学習2週 valid=2020-09-15
2026-09-07 17:36:00,rerank,"rerank/without_salesfc,weeks=2",0.08552546182450013,12,0.03987149454501395,53.63755393028259,100.0,10位の来週売上予測 BPR+SVD併用 valid=2020-09-15
2026-09-07 17:36:54,rerank,"rerank/with_salesfc,weeks=2",0.08560057009220513,12,0.03977825220368719,53.5021607875824,100.0,10位の来週売上予測 BPR+SVD併用 valid=2020-09-15
2026-09-07 17:39:36,rerank,"final_check/k=200,bpr=128_300",0.08940602199424234,12,0.04081150261733194,125.1161904335022,200.0,提出構成の事前確認 学習2週 valid=2020-09-15
2026-09-07 17:41:32,rerank,"final_check/k=200,bpr=64_100",0.08848594338847501,12,0.04031329865595265,115.40636968612671,200.0,提出構成の事前確認 学習2週 valid=2020-09-15
